8;2;2;2;2;2;2;2;2;2;5380;5380;3780;3800;3780;3800;4520;4500;4860;4860;3920;3920;3880;3880;5340;5320;3479;3470;5383;5269;5098;5119;4923;4901;4438;4753;4954;5070;5311;5200;3794;3878;355.0114;0.0005211451;21.40886;24.886;0.08485962;9.999E+09;16;355.0109;355.0117;355.0112;355.011;355.0109;355.0117;355.0121;355.0112;-0.002519212;-0.004439092;-0.0058634;0.004201707;0.004272923;0.001281877;-0.0001424308;0.001112379;68;384;0.6;0.2;0.197;0;38.02838;0;0;0;0;0;0;0;0;24.0131;21.54;355.009836
8;2;2;2;2;2;2;2;2;2;5380;5380;3780;3800;3780;3800;4520;4500;4860;4860;3920;3920;3880;3880;5340;5320;3453;3502;5446;5204;5029;5201;4844;5097;4408;4592;4861;5069;5308;5281;3781;3704;355.0112;0.0005798324;21.40886;24.886;0.09441587;9.999E+09;16;355.0106;355.0114;355.0114;355.0115;355.0112;355.0114;355.0111;355.011;-0.00232291;-0.004652738;-0.005198723;0.003845631;0.004225446;0.0002136461;0.002896092;0.0001308682;68;385;0.7;0.2;0.197;0;40.61581;0;0;0;0;0;0;0;0;24.0131;21.5399;355.009816
8;2;2;2;2;2;2;2;2;2;5380;5380;3780;3800;3780;3800;4520;4500;4860;4860;3920;3920;3880;3880;5340;5320;3533;3513;5390;5361;5180;5103;5018;5053;4419;4365;4979;4932;5472;5263;3873;3748;355.0112;0.0004572388;21.40886;24.886;0.07445358;9.999E+09;16;355.0106;355.0114;355.0118;355.0106;355.0115;355.0115;355.0114;355.0105;-0.002028456;-0.004462831;-0.005982092;0.003228431;0.004771431;0.0007121539;0.001614215;-9.815112E-05;68;386;0.7;0.2;0.197;0;42.21038;0;0;0;0;0;0;0;0;24.0131;21.5399;355.009816
8;2;2;2;2;2;2;2;2;2;5380;5380;3780;3800;3780;3800;4520;4500;4860;4860;3920;3920;3880;3880;5340;5320;3666;3555;5371;5253;5048;5182;5138;5027;4723;4882;5044;5037;5448;5562;3836;3902;355.011;0.0005655492;21.40886;24.886;0.09209009;9.999E+09;16;355.011;355.011;355.011;355.0113;355.0106;355.0111;355.0114;355.0108;-0.002126608;-0.004890123;-0.005507323;0.0040118;0.004842646;-0.0005934615;0.003014785;-0.0004907556;68;387;0.7;0.2;0.197;0;42.94052;0;0;0;0;0;0;0;0;24.0131;21.5398;355.009797
8;2;2;2;2;2;2;2;2;2;5380;5380;3780;3800;3780;3800;4520;4500;4860;4860;3920;3920;3880;3880;5340;5320;3465;3705;5220;5218;4843;4975;4855;5116;4573;4694;4951;4699;5358;5153;3840;3745;355.0112;0.0006691306;21.40886;24.886;0.1089566;9.999E+09;16;355.0109;355.0117;355.0114;355.0114;355.0112;355.0114;355.0107;355.0108;-0.003697025;-0.003988062;-0.003940585;0.003086;0.006266953;0;0.002445061;-0.000850643;68;388;0.7;0.2;0.197;0;43.20345;0;0;0;0;0;0;0;0;24.0131;21.5399;355.009816
8;2;2;2;2;2;2;2;2;2;5380;5380;3780;3800;3780;3800;4520;4500;4860;4860;3920;3920;3880;3880;5340;5320;3446;3637;5613;5328;4855;5324;5333;5015;4220;4406;4783;5021;5066;5271;3914;3767;355.0113;0.0005496804;21.40886;24.886;0.08950613;9.999E+09;16;355.0106;355.0115;355.0116;355.011;355.0107;355.0122;355.0115;355.0109;-0.002715514;-0.004747692;-0.004890123;0.004723954;0.004225446;-0.0002373846;0.001637954;0;68;389;0.7;0.2;0.197;0;36.35955;0;0;0;0;0;0;0;0;24.0131;21.54;355.009836
8;2;2;2;2;2;2;2;2;2;5380;5380;3780;3800;3780;3800;4520;4500;4860;4860;3920;3920;3880;3880;5340;5320;3636;3538;5097;5302;5075;5185;5063;4741;4391;4592;4769;4889;5389;5184;3703;3736;355.0109;0.0008533836;21.40886;24.886;0.138959;9.999E+09;16;355.0103;355.011;355.0112;355.0107;355.0112;355.0113;355.0105;355.011;-0.002813665;-0.004723954;-0.004629;0.004415354;0.005056292;0;0.003798154;-3.271704E-05;68;390;0.7;0.2;0.197;0;38.38561;0;0;0;0;0;0;0;0;24.0131;21.5401;355.009856
8;2;2;2;2;2;2;2;2;2;5380;5380;3780;3800;3780;3800;4520;4500;4860;4860;3920;3920;3880;3880;5340;5320;3361;3465;5381;5298;5125;5041;5266;4734;4355;4318;5112;4822;5310;5239;3911;3631;355.0114;0.0007762887;21.40886;24.886;0.1264054;9.999E+09;16;355.0109;355.0114;355.0113;355.0109;355.0118;355.0127;355.012;355.0106;-0.003860611;-0.004652738;-0.004913861;0.004296661;0.005531061;0.001163185;0.003038523;-0.0005234726;68;391;0.7;0.2;0.197;0;38.72818;0;0;0;0;0;0;0;0;24.0131;21.5399;355.009816
8;2;2;2;2;2;2;2;2;2;5380;5380;3780;3800;3780;3800;4520;4500;4860;4860;3920;3920;3880;3880;5340;5320;3630;3390;5501;5345;5173;4937;5091;5289;4521;4362;4768;5021;5169;5225;3873;3694;355.011;0.0006430899;21.39565;24.88827;0.1047163;9.999E+09;16;355.0107;355.0113;355.0117;355.011;355.0109;355.0118;355.0101;355.0111;-0.002551929;-0.006029569;-0.004367877;0.004059277;0.005388631;0.0001186923;0.001258138;0.0005889067;68;392;0.7;0.2;0.197;0;39.47016;0;0;0;0;0;0;0;0;24.0131;21.5401;355.009856
8;2;2;2;2;2;2;2;2;2;5380;5380;3780;3800;3780;3800;4520;4500;4860;4860;3920;3920;3880;3880;5340;5320;3437;3749;5307;5158;5125;4747;4937;5020;4536;4277;5087;4983;5250;5180;3814;3848;355.0112;0.0006517788;21.39565;24.88827;0.1061311;9.999E+09;16;355.0107;355.0112;355.0118;355.0112;355.0114;355.0112;355.0107;355.0114;-0.00265008;-0.003086;-0.005578538;0.003679461;0.005151246;-7.121539E-05;0.003014785;-0.0009815112;68;393;0.7;0.2;0.197;0;35.07233;0;0;0;0;0;0;0;0;24.0131;21.5401;355.009856
8;2;2;2;2;2;2;2;2;2;5380;5380;3780;3800;3780;3800;4520;4500;4860;4860;3920;3920;3880;3880;5340;5320;3574;3627;5154;5380;5116;4878;4964;4913;4344;4684;5071;4905;5228;5295;3821;3897;355.0112;0.0005948485;21.39565;24.88827;0.09686098;9.999E+09;16;355.0111;355.0118;355.011;355.0108;355.012;355.012;355.0101;355.011;-0.003729742;-0.004059277;-0.004130492;0.003204692;0.005008815;0.0003560769;0.003062262;-0.0002290193;68;394;0.7;0.2;0.197;0;34.39927;0;0;0;0;0;0;0;0;24.0131;21.5402;355.009875
8;2;2;2;2;2;2;2;2;2;5380;5380;3780;3800;3780;3800;4520;4500;4860;4860;3920;3920;3880;3880;5340;5320;3383;3504;5252;5472;5088;5054;4979;5027;4411;4569;5061;4984;5113;5357;3934;3968;355.0113;0.0001188844;21.39565;24.88827;0.0193583;9.999E+09;16;355.0104;355.012;355.0125;355.0107;355.0104;355.0114;355.0118;355.011;-0.003075402;-0.003489554;-0.005626015;0.002540015;0.004700215;-0.0004272923;0.002350108;-0.001930305;68;395;0.7;0.2;0.197;0;31.38089;0;0;0;0;0;0;0;0;24.0131;21.5401;355.009856
8;2;2;2;2;2;2;2;2;2;5380;5380;3780;3800;3780;3800;4520;4500;4860;4860;3920;3920;3880;3880;5340;5320;3478;3527;5555;5320;5208;4985;4888;5019;4559;4683;5051;4900;5287;5134;3808;3718;355.0113;0.0009189193;21.39565;24.88827;0.1496304;9.999E+09;16;355.0108;355.0115;355.0115;355.0109;355.0111;355.0124;355.0109;355.0108;-0.00176672;-0.004818907;-0.004961338;0.004249184;0.005174984;0.0005697231;0.002943569;0.0002617363;68;396;0.7;0.2;0.197;0;33.52917;0;0;0;0;0;0;0;0;24.0131;21.5399;355.009816
8;2;2;2;2;2;2;2;2;2;5380;5380;3780;3800;3780;3800;4520;4500;4860;4860;3920;3920;3880;3880;5340;5320;3388;3422;5316;5364;5061;4952;4931;5216;4377;4588;5181;5008;5261;5486;3622;3903;355.0111;-3.894733E-05;21.39565;24.88827;-0.006341911;9.999E+09;16;355.0106;355.0112;355.0117;355.0109;355.0115;355.0112;355.0118;355.0106;-0.003402572;-0.004201707;-0.006955369;0.003204692;0.003774415;0.0006646769;0.0009257999;-0.0007197749;68;397;0.7;0.2;0.197;0;33.63268;0;0;0;0;0;0;0;0;24.0131;21.54;355.009836
8;2;2;2;2;2;2;2;2;2;5380;5380;3780;3800;3780;3800;4520;4500;4860;4860;3920;3920;3880;3880;5340;5320;3625;3604;5237;5346;4793;4897;4877;4663;4436;4476;5020;4997;5423;5268;3679;3715;355.0112;0.0003702138;21.39565;24.88827;0.06028304;9.999E+09;16;355.0112;355.0115;355.0119;355.0109;355.0103;355.012;355.0108;355.0108;-0.00320627;-0.004391615;-0.005934615;0.003109738;0.005222461;-7.121539E-05;0.001899077;-3.271704E-05;68;398;0.7;0.2;0.197;0;38.22617;0;0;0;0;0;0;0;0;24.0131;21.5402;355.009875
8;2;2;2;2;2;2;2;2;2;5380;5380;3780;3800;3780;3800;4520;4500;4860;4860;3920;3920;3880;3880;5340;5320;3587;3599;5367;5205;4880;5004;5250;4946;4482;4616;4997;4986;5178;5086;3960;3732;355.0114;0.0005790244;21.39565;24.88827;0.09428429;9.999E+09;16;355.0107;355.012;355.0117;355.0112;355.0119;355.0115;355.0113;355.0109;-0.002977251;-0.003584508;-0.004723954;0.003465815;0.004747692;0.0005222461;0.001827862;-0.0001308682;68;399;0.7;0.2;0.197;0;40.56251;0;0;0;0;0;0;0;0;24.0131;21.5401;355.009856
8;2;2;2;2;2;2;2;2;2;5380;5380;3780;3800;3780;3800;4520;4500;4860;4860;3920;3920;3880;3880;5340;5320;3576;3339;5467;5336;5139;4968;4865;4874;4463;4663;5097;4973;5114;5240;3800;4063;355.0113;0.0006081518;21.39565;24.88827;0.09902719;9.999E+09;16;355.0106;355.012;355.0113;355.0114;355.0112;355.0125;355.0107;355.0107;-0.003664308;-0.003537031;-0.005720969;0.003608246;0.005317415;0.0009970154;0.001875338;0;68;401;0.7;0.2;0.197;0;36.09446;0;0;0;0;0;0;0;0;24.0131;21.54;355.009836
8;2;2;2;2;2;2;2;2;2;5380;5380;3780;3800;3780;3800;4520;4500;4860;4860;3920;3920;3880;3880;5340;5320;3576;3339;5467;5336;5139;4968;4865;4874;4463;4663;5097;4973;5114;5240;3800;4063;355.0113;0.0006081518;21.39565;24.88827;0.09902719;9.999E+09;16;355.0106;355.012;355.0113;355.0114;355.0112;355.0125;355.0107;355.0107;-0.003664308;-0.003537031;-0.005720969;0.003608246;0.005317415;0.0009970154;0.001875338;0;68;401;0.7;0.2;0.197;0;36.09446;0;0;0;0;0;0;0;0;24.0131;21.54;355.009836
8;2;2;2;2;2;2;2;2;2;5380;5380;3780;3800;3780;3800;4520;4500;4860;4860;3920;3920;3880;3880;5340;5320;3372;3556;5543;5475;5291;5091;5044;5017;4850;4384;4780;4908;5163;5226;3715;3732;355.0114;0.0007000904;21.39166;24.88799;0.1139978;9.999E+09;16;355.0107;355.0115;355.012;355.0111;355.0114;355.0122;355.0107;355.0115;-0.003926045;-0.004272923;-0.004771431;0.0037032;0.005341154;-0.0004272923;0.003275908;0.000817926;68;402;0.7;0.2;0.197;0;35.97466;0;0;0;0;0;0;0;0;24.0131;21.54;355.009836
8;2;2;2;2;2;2;2;2;2;5380;5380;3780;3800;3780;3800;4520;4500;4860;4860;3920;3920;3880;3880;5340;5320;3606;3498;5220;5148;4897;4957;5081;5001;4951;4581;5048;4984;5054;5392;3639;3899;355.0114;0.0003153144;21.39166;24.88799;0.05134359;9.999E+09;16;355.0106;355.0115;355.012;355.0111;355.0117;355.0121;355.0115;355.0104;-0.003893328;-0.005080031;-0.004177969;0.002967308;0.005602277;-7.121539E-05;0.001519262;-0.00088336;68;403;0.7;0.2;0.197;0;36.74995;0;0;0;0;0;0;0;0;24.0131;21.5401;355.009856
8;2;2;2;2;2;2;2;2;2;5380;5380;3780;3800;3780;3800;4520;4500;4860;4860;3920;3920;3880;3880;5340;5320;3597;3598;5443;5426;5099;4773;5129;4725;4370;4900;4952;5011;5184;4889;3943;3842;355.0115;0.0006757625;21.39166;24.88799;0.1100365;9.999E+09;16;355.0105;355.0116;355.0121;355.0114;355.0109;355.0124;355.0119;355.0115;-0.00232291;-0.002848615;-0.005673492;0.003180954;0.005459846;0.0005222461;0.001709169;-0.0002617363;68;404;0.7;0.2;0.197;0;36.45617;0;0;0;0;0;0;0;0;24.0131;21.54;355.009836
8;2;2;2;2;2;2;2;2;2;5380;5380;3780;3800;3780;3800;4520;4500;4860;4860;3920;3920;3880;3880;5340;5320;3608;3579;5350;5461;5137;5134;5276;4957;4315;4526;4964;5044;5336;5171;3818;3824;355.0117;0.0004846925;21.39166;24.88799;0.07892394;9.999E+09;16;355.0107;355.0128;355.0121;355.0113;355.0115;355.0127;355.0114;355.0109;-0.004318649;-0.003798154;-0.004130492;0.002991046;0.004866384;0.0005697231;0.002350108;6.543408E-05;68;405;0.7;0.2;0.197;0;39.8385;0;0;0;0;0;0;0;0;24.0131;21.54;355.009836
8;2;2;2;2;2;2;2;2;2;5380;5380;3780;3800;3780;3800;4520;4500;4860;4860;3920;3920;3880;3880;5340;5320;3511;3417;5372;5478;5155;4959;4989;4885;4629;4569;4976;4909;5182;5389;3776;3784;355.0114;0.0003407114;21.39166;24.88799;0.05547906;9.999E+09;16;355.0113;355.0117;355.0119;355.0111;355.0111;355.0118;355.0117;355.0103;-0.00265008;-0.005649754;-0.005744707;0.0033946;0.004605262;0.0003086;0.002943569;-0.0006216238;68;406;0.7;0.2;0.197;0;37.66912;0;0;0;0;0;0;0;0;24.0131;21.5403;355.009895
8;2;2;2;2;2;2;2;2;2;5380;5380;3780;3800;3780;3800;4520;4500;4860;4860;3920;3920;3880;3880;5340;5320;3502;3433;5334;5298;5088;5078;5120;5129;4505;4667;4854;5282;5208;5470;3960;3853;355.0113;0.0001536193;21.39166;24.88799;0.02501429;9.999E+09;16;355.0103;355.0118;355.0114;355.011;355.0115;355.0117;355.0115;355.0114;-0.003173553;-0.005626015;-0.006433123;0.003180954;0.005388631;0.0004272923;0.001804123;-0.001504984;68;407;0.7;0.2;0.197;0;36.28413;0;0;0;0;0;0;0;0;24.0131;21.54;355.009836
8;2;2;2;2;2;2;2;2;2;5380;5380;3780;3800;3780;3800;4520;4500;4860;4860;3920;3920;3880;3880;5340;5320;3358;3403;5180;5332;5126;4946;5153;4948;4588;4794;4822;4938;5145;5223;4009;3935;355.0113;0.0003647655;21.39166;24.88799;0.05939586;9.999E+09;16;355.0111;355.012;355.012;355.0109;355.0106;355.0118;355.0112;355.0107;-0.00320627;-0.0033946;-0.0049376;0.003323385;0.003299646;0.0006409385;0.003086;-0.0004907556;68;408;0.7;0.2;0.197;0;35.46653;0;0;0;0;0;0;0;0;24.0131;21.5401;355.009856
8;2;2;2;2;2;2;2;2;2;5380;5380;3780;3800;3780;3800;4520;4500;4860;4860;3920;3920;3880;3880;5340;5320;3615;3524;5241;5624;5168;5057;4858;4956;4516;4545;5045;4686;5113;5191;3808;3829;355.0112;0.0007100202;21.39166;24.88799;0.1156147;9.999E+09;16;355.0103;355.0114;355.0112;355.0117;355.0104;355.0127;355.0109;355.0111;-0.00320627;-0.005649754;-0.004723954;0.003418338;0.006361907;0.0006646769;0.002658708;-0.0003271704;68;409;0.7;0.2;0.197;0;35.13348;0;0;0;0;0;0;0;0;24.0311;21.54;355.020971
8;2;2;2;2;2;2;2;2;2;5380;5380;3780;3800;3780;3800;4520;4500;4860;4860;3920;3920;3880;3880;5340;5320;3574;3501;5213;5243;5127;5224;4991;4881;4210;4591;4917;5081;5334;5128;3934;3849;355.0114;0.0001777619;21.39166;24.88799;0.02894551;9.999E+09;16;355.0108;355.0118;355.0107;355.0107;355.0118;355.0117;355.0121;355.0112;-0.003435289;-0.004225446;-0.004723954;0.002540015;0.004629;-0.0012344;0.001709169;0.0002290193;68;410;0.7;0.2;0.197;0;36.17236;0;0;0;0;0;0;0;0;24.0311;21.54;355.020971
8;2;2;2;2;2;2;2;2;2;5380;5380;3780;3800;3780;3800;4520;4500;4860;4860;3920;3920;3880;3880;5340;5320;3367;3455;5339;5316;5253;4857;4874;4929;4274;4626;5009;4910;5211;5273;3801;3902;355.0114;0.0002521015;21.39166;24.88799;0.04105045;9.999E+09;16;355.0107;355.0108;355.0117;355.0116;355.0115;355.0114;355.0122;355.0112;-0.00320627;-0.004462831;-0.003940585;0.003560769;0.003916846;-0.000878323;0.002065246;-0.000850643;68;411;0.7;0.2;0.197;0;39.48428;0;0;0;0;0;0;0;0;24.0311;21.54;355.020971
8;2;2;2;2;2;2;2;2;2;5380;5380;3780;3800;3780;3800;4520;4500;4860;4860;3920;3920;3880;3880;5340;5320;3652;3371;5317;5329;5138;5182;5043;4844;4540;4587;4962;4978;5577;5223;3858;3667;355.0114;0.0004756854;21.4201;24.88991;0.07745729;9.999E+09;16;355.0108;355.0117;355.012;355.011;355.0118;355.0124;355.011;355.011;-0.003009968;-0.003988062;-0.005008815;0.002445061;0.005317415;0.0006409385;0.0024688;-0.0004253215;68;412;0.7;0.2;0.197;0;39.96674;0;0;0;0;0;0;0;0;24.0311;21.5399;355.020952
8;2;2;2;2;2;2;2;2;2;5380;5380;3780;3800;3780;3800;4520;4500;4860;4860;3920;3920;3880;3880;5340;5320;3509;3637;5481;5353;5112;4991;4943;5027;4498;4274;4986;4863;5350;5260;3752;3783;355.0115;0.0004591547;21.4201;24.88991;0.07476555;9.999E+09;16;355.0108;355.0118;355.0108;355.0114;355.0113;355.0128;355.0117;355.0114;-0.002453778;-0.004723954;-0.005483584;0.003584508;0.004771431;-0.0001424308;0.002350108;-0.0003598874;68;413;0.7;0.2;0.197;0;39.77288;0;0;0;0;0;0;0;0;24.0311;21.5396;355.020893
8;2;2;2;2;2;2;2;2;2;5380;5380;3780;3800;3780;3800;4520;4500;4860;4860;3920;3920;3880;3880;5340;5320;3650;3631;5107;5326;5113;4689;5084;4892;4593;4173;4961;4988;5474;5286;3883;3782;355.0112;0.0007178619;21.4201;24.88991;0.1168916;9.999E+09;16;355.0109;355.0117;355.0111;355.0114;355.0107;355.0116;355.0115;355.0106;-0.003173553;-0.003893108;-0.003798154;0.003916846;0.004581523;0.0002848615;0.001780385;0.0006870578;68;414;0.7;0.2;0.197;0;40.89275;0;0;0;0;0;0;0;0;24.0311;21.5399;355.020952
8;2;2;2;2;2;2;2;2;2;5380;5380;3780;3800;3780;3800;4520;4500;4860;4860;3920;3920;3880;3880;5340;5320;3517;3547;5109;5205;4892;5100;5039;4800;4546;4371;4865;4979;5155;5027;3705;3775;355.0115;0.0005236791;21.4201;24.88991;0.08527225;9.999E+09;16;355.0114;355.0114;355.0122;355.0109;355.0118;355.012;355.0112;355.0113;-0.003435289;-0.004225446;-0.004534046;0.003442077;0.005008815;0.0008071077;0.001637954;-0.0003271704;68;415;0.7;0.2;0.197;0;41.68105;0;0;0;0;0;0;0;0;24.0311;21.54;355.020971
8;2;2;2;2;2;2;2;2;2;5380;5380;3780;3800;3780;3800;4520;4500;4860;4860;3920;3920;3880;3880;5340;5320;3520;3529;5337;5382;4876;5033;4869;4927;4529;4598;5032;5057;5394;5212;3848;3786;355.0116;0.0004392507;21.4201;24.88991;0.07152452;9.999E+09;16;355.0115;355.0113;355.0123;355.0113;355.0114;355.0117;355.0119;355.0117;-0.002911816;-0.004795169;-0.004700215;0.003252169;0.004344138;0.0006409385;0.002255154;0;68;416;0.7;0.2;0.197;0;39.62006;0;0;0;0;0;0;0;0;24.0311;21.5398;355.020932
8;2;2;2;2;2;2;2;2;2;5380;5380;3780;3800;3780;3800;4520;4500;4860;4860;3920;3920;3880;3880;5340;5320;3546;3456;5268;5344;5172;4994;4986;5131;4495;4403;4895;5177;5150;5521;3720;3757;355.0115;2.981571E-05;21.4201;24.88991;0.004854982;9.999E+09;16;355.0111;355.0118;355.0124;355.0121;355.0105;355.012;355.0115;355.0107;-0.003337138;-0.004652738;-0.0052462;0.002587492;0.0049376;-0.002373846;0.001922815;-0.0003598874;68;417;0.7;0.2;0.197;0;39.87791;0;0;0;0;0;0;0;0;24.0311;21.54;355.020971
8;2;2;2;2;2;2;2;2;2;5380;5380;3780;3800;3780;3800;4520;4500;4860;4860;3920;3920;3880;3880;5340;5320;3502;3463;5356;5191;5194;4937;5108;4973;4543;4557;5088;5075;5371;5271;3938;3872;355.0114;0.0007738695;21.4201;24.88991;0.1260115;9.999E+09;16;355.0104;355.0117;355.0111;355.0111;355.0115;355.0126;355.0114;355.0109;-0.002453778;-0.004059277;-0.005222461;0.004177969;0.005388631;0.0002136461;0.002041508;-9.815112E-05;68;418;0.7;0.2;0.197;0;40.23365;0;0;0;0;0;0;0;0;24.0311;21.5401;355.020991
8;2;2;2;2;2;2;2;2;2;5380;5380;3780;3800;3780;3800;4520;4500;4860;4860;3920;3920;3880;3880;5340;5320;3545;3464;5446;5418;4944;5082;5075;4705;4525;4468;5072;4651;5182;5238;3929;3767;355.0114;0.0006195388;21.4201;24.88991;0.1008814;9.999E+09;16;355.0108;355.0113;355.0124;355.0114;355.0121;355.0115;355.0112;355.0107;-0.002813665;-0.004367877;-0.006077046;0.003038523;0.005436108;0.0009732769;0.002967308;0.0001308682;68;419;0.7;0.2;0.197;0;40.11938;0;0;0;0;0;0;0;0;24.0311;21.5401;355.020991
8;2;2;2;2;2;2;2;2;2;5380;5380;3780;3800;3780;3800;4520;4500;4860;4860;3920;3920;3880;3880;5340;5320;3488;3436;5150;5313;5137;4741;4820;5028;4706;4552;4874;5103;5241;5349;3898;3736;355.0116;0.0005673504;21.4201;24.88991;0.09238338;9.999E+09;16;355.0115;355.0117;355.0117;355.0107;355.012;355.0128;355.0114;355.0109;-0.002421061;-0.003821892;-0.004771431;0.003133477;0.004106754;0.001661692;0.002397584;-0.0003598874;68;420;0.7;0.2;0.197;0;37.94162;0;0;0;0;0;0;0;0;24.0311;21.5403;355.021031
8;2;2;2;2;2;2;2;2;2;5380;5380;3780;3800;3780;3800;4520;4500;4860;4860;3920;3920;3880;3880;5340;5320;3537;3608;5393;5265;5085;5231;5186;5402;4286;4388;4939;4873;5336;5075;3880;3918;355.0114;0.0004347825;21.4201;24.88991;0.07079694;9.999E+09;16;355.0115;355.0117;355.0117;355.0114;355.0106;355.0122;355.0107;355.0111;-0.003238987;-0.003489554;-0.003940585;0.003228431;0.004581523;-0.0012344;0.001970292;0;68;421;0.7;0.2;0.197;0;34.79379;0;0;0;0;0;0;0;0;24.0311;21.5399;355.020952
8;2;2;2;2;2;2;2;2;2;5380;5380;3780;3800;3780;3800;4520;4500;4860;4860;3920;3920;3880;3880;5340;5320;3525;3673;5420;5209;5257;5020;4959;4754;4602;4403;5055;4989;5126;5308;3912;3920;355.0113;0.0004005822;21.40751;24.8894;0.065228;9.999E+09;16;355.0111;355.0107;355.0119;355.0104;355.011;355.0126;355.0117;355.0107;-0.002159324;-0.004557785;-0.005436108;0.002991046;0.004700215;-0.0004035538;0.002729923;-0.0003926045;68;422;0.7;0.2;0.197;0;34.56408;0;0;0;0;0;0;0;0;24.0311;21.5397;355.020912
8;2;2;2;2;2;2;2;2;2;5380;5380;3780;3800;3780;3800;4520;4500;4860;4860;3920;3920;3880;3880;5340;5320;3607;3383;5608;5312;5160;5217;5219;4987;4543;4217;5033;4910;5166;5169;3965;3800;355.0114;0.0004162472;21.40751;24.8894;0.0677788;9.999E+09;16;355.0105;355.0112;355.0121;355.0112;355.0111;355.0121;355.0117;355.0111;-0.003435289;-0.004985077;-0.003988062;0.004249184;0.004201707;-0.001020754;0.002492538;-0.0003926045;68;423;0.7;0.2;0.197;0;34.74874;0;0;0;0;0;0;0;0;24.0311;21.5399;355.020952
8;2;2;2;2;2;2;2;2;2;5380;5380;3780;3800;3780;3800;4520;4500;4860;4860;3920;3920;3880;3880;5340;5320;3477;3605;5317;5265;5182;5105;4972;5030;4719;4474;4897;5045;5082;5403;3868;3758;355.0115;0.0003174207;21.40751;24.8894;0.05168657;9.999E+09;16;355.0109;355.0117;355.0122;355.0109;355.0118;355.0123;355.012;355.0109;-0.003762459;-0.005649754;-0.004605262;0.002017769;0.005531061;-0.0004035538;0.002682446;0.00088336;68;424;0.7;0.2;0.197;0;34.84609;0;0;0;0;0;0;0;0;24.0311;21.5398;355.020932
8;2;2;2;2;2;2;2;2;2;5380;5380;3780;3800;3780;3800;4520;4500;4860;4860;3920;3920;3880;3880;5340;5320;3499;3530;5251;5585;5067;5171;5206;5344;4647;4608;4822;4919;5427;5240;3723;3880;355.0115;0.0003508444;21.40751;24.8894;0.05712906;9.999E+09;16;355.0109;355.0117;355.0118;355.0112;355.0117;355.0118;355.0116;355.0111;-0.002584646;-0.003370862;-0.004866384;0.002017769;0.004771431;0;0.001519262;0.0002617363;68;425;0.7;0.2;0.197;0;35.96648;0;0;0;0;0;0;0;0;24.0311;21.5399;355.020952
8;2;2;2;2;2;2;2;2;2;5380;5380;3780;3800;3780;3800;4520;4500;4860;4860;3920;3920;3880;3880;5340;5320;3561;3601;5326;5242;4825;4981;4754;5300;4493;4780;5009;5011;5357;5181;3745;4023;355.0116;0.0005915063;21.40751;24.8894;0.09631676;9.999E+09;16;355.0115;355.0112;355.0117;355.0109;355.0114;355.0135;355.0113;355.0113;-0.002879099;-0.005531061;-0.004534046;0.002611231;0.005531061;0.0012344;0.0024688;0.0003598874;68;426;0.7;0.2;0.197;0;41.32525;0;0;0;0;0;0;0;0;24.0311;21.54;355.020971
8;2;2;2;2;2;2;2;2;2;5380;5380;3780;3800;3780;3800;4520;4500;4860;4860;3920;3920;3880;3880;5340;5320;3567;3429;5233;5382;5032;4930;4958;5223;4466;4419;5109;4910;5142;5384;3882;3951;355.0113;0.0004400146;21.40751;24.8894;0.0716489;9.999E+09;16;355.0109;355.012;355.0122;355.011;355.0106;355.0117;355.0112;355.011;-0.002584646;-0.005341154;-0.005198723;0.002801138;0.005317415;-0.0004985077;0.003442077;-0.0003598874;68;427;0.7;0.2;0.197;0;41.14602;0;0;0;0;0;0;0;0;24.0131;21.54;355.009836
8;2;2;2;2;2;2;2;2;2;5380;5380;3780;3800;3780;3800;4520;4500;4860;4860;3920;3920;3880;3880;5340;5320;3519;3554;5220;5247;5100;5080;5450;5187;4515;4341;4952;5095;5514;5088;3880;3802;355.0117;0.000733368;21.40751;24.8894;0.1194165;9.999E+09;16;355.0113;355.0125;355.0111;355.0118;355.0122;355.0118;355.0114;355.0115;-0.003500723;-0.003157215;-0.004177969;0.003204692;0.005839661;0.0001424308;0.002658708;-0.0006870578;68;428;0.8;0.2;0.197;0;40.25502;0;0;0;0;0;0;0;0;24.0131;21.5398;355.009797
8;2;2;2;2;2;2;2;2;2;5380;5380;3780;3800;3780;3800;4520;4500;4860;4860;3920;3920;3880;3880;5340;5320;3562;3479;5353;5298;5067;5245;4974;5113;4321;4555;4899;5032;5322;5303;3592;3883;355.0116;0.0003843514;21.40751;24.8894;0.06258509;9.999E+09;16;355.0103;355.0126;355.012;355.0115;355.0118;355.0124;355.011;355.011;-0.002780948;-0.004795169;-0.004581523;0.002682446;0.005198723;0.001519262;0.0018516;-0.001668569;68;429;0.8;0.2;0.197;0;36.81467;0;0;0;0;0;0;0;0;24.0131;21.5401;355.009856
8;2;2;2;2;2;2;2;2;2;5380;5380;3780;3800;3780;3800;4520;4500;4860;4860;3920;3920;3880;3880;5340;5320;3460;3546;5451;5365;5181;4981;5049;4805;4301;4504;5063;4913;5288;5195;3677;3774;355.0117;0.0006367759;21.40751;24.8894;0.1036881;9.999E+09;16;355.0111;355.0121;355.0123;355.011;355.0118;355.0122;355.0119;355.0109;-0.002453778;-0.004083015;-0.0055548;0.003204692;0.005008815;0.0002373846;0.004083015;-0.0006216238;68;430;0.8;0.2;0.197;0;36.22742;0;0;0;0;0;0;0;0;24.0131;21.5399;355.009816
8;2;2;2;2;2;2;2;2;2;5380;5380;3780;3800;3780;3800;4520;4500;4860;4860;3920;3920;3880;3880;5340;5320;3545;3522;5369;5363;5079;5184;5185;5094;4654;4512;5074;4853;5338;5208;3697;3915;355.0118;0.0005098729;21.40751;24.8894;0.08302414;9.999E+09;16;355.0111;355.0128;355.0117;355.0106;355.0117;355.0133;355.0118;355.0112;-0.00265008;-0.004652738;-0.005198723;0.003750677;0.0049376;-0.0003323384;0.002231415;-0.0002617363;68;431;0.8;0.2;0.197;0;40.31311;0;0;0;0;0;0;0;0;24.0131;21.5399;355.009816
8;2;2;2;2;2;2;2;2;2;5380;5380;3780;3800;3780;3800;4520;4500;4860;4860;3920;3920;3880;3880;5340;5320;3474;3483;5164;5362;5126;5044;4933;4675;4254;4519;4967;5082;5273;5223;3672;3736;355.0115;0.0005458613;21.40418;24.88855;0.08888425;9.999E+09;16;355.011;355.0116;355.0117;355.0117;355.0118;355.012;355.0107;355.0114;-0.002813665;-0.005317415;-0.004439092;0.003133477;0.005673492;-0.0004747692;0.002041508;0.0002617363;68;432;0.8;0.2;0.197;0;41.8801;0;0;0;0;0;0;0;0;24.0311;21.54;355.020971
8;2;2;2;2;2;2;2;2;2;5380;5380;3780;3800;3780;3800;4520;4500;4860;4860;3920;3920;3880;3880;5340;5320;3561;3549;5267;5195;5098;5007;4981;5169;4372;4449;4998;5138;5417;5300;3865;3859;355.0117;0.000650812;21.40418;24.88855;0.1059737;9.999E+09;16;355.011;355.0117;355.0119;355.0114;355.0114;355.0122;355.0115;355.0121;-0.003042685;-0.005720969;-0.003442077;0.004083015;0.005815923;0.0003798154;0.002492538;-0.001930305;68;433;0.8;0.2;0.197;0;37.49702;0;0;0;0;0;0;0;0;24.0311;21.5398;355.020932
8;2;2;2;2;2;2;2;2;2;5380;5380;3780;3800;3780;3800;4520;4500;4860;4860;3920;3920;3880;3880;5340;5320;3605;3442;5149;5433;4922;5171;4974;5005;4488;4586;4728;4713;5131;5296;3869;3762;355.0114;0.0004822731;21.40418;24.88855;0.07852998;9.999E+09;16;355.0115;355.0121;355.0111;355.0117;355.0114;355.0115;355.0109;355.0115;-0.002486495;-0.004676477;-0.006077046;0.003086;0.005222461;0.0001661692;0.002492538;6.543408E-05;68;434;0.8;0.2;0.197;0;37.07298;0;0;0;0;0;0;0;0;24.0311;21.5398;355.020932
8;2;2;2;2;2;2;2;2;2;5380;5380;3780;3800;3780;3800;4520;4500;4860;4860;3920;3920;3880;3880;5340;5320;3412;3496;5301;5466;5023;4918;5048;5285;4199;4352;5096;4783;5548;5343;3790;3846;355.0116;0.0004657686;21.40418;24.88855;0.0758425;9.999E+09;16;355.0111;355.0125;355.0125;355.0105;355.0116;355.0121;355.0113;355.0109;-0.003795177;-0.003252169;-0.004581523;0.003228431;0.005958354;-0.001281877;0.001186923;-0.0004253215;68;435;0.8;0.2;0.197;0;35.72377;0;0;0;0;0;0;0;0;24.0311;21.5401;355.020991
8;2;2;2;2;2;2;2;2;2;5380;5380;3780;3800;3780;3800;4520;4500;4860;4860;3920;3920;3880;3880;5340;5320;3412;3496;5301;5466;5023;4918;5048;5285;4199;4352;5096;4783;5548;5343;3790;3846;355.0116;0.0004657686;21.40418;24.88855;0.0758425;9.999E+09;16;355.0111;355.0125;355.0125;355.0105;355.0116;355.0121;355.0113;355.0109;-0.003795177;-0.003252169;-0.004581523;0.003228431;0.005958354;-0.001281877;0.001186923;-0.0004253215;68;435;0.8;0.2;0.197;0;35.72377;0;0;0;0;0;0;0;0;24.0311;21.5401;355.020991
8;2;2;2;2;2;2;2;2;2;5380;5380;3780;3800;3780;3800;4520;4500;4860;4860;3920;3920;3880;3880;5340;5320;3484;3579;5154;5348;5041;5129;4999;4980;4411;4896;4986;4893;5234;5460;3855;3785;355.0117;0.000550387;21.40418;24.88855;0.08962117;9.999E+09;16;355.0112;355.0119;355.0118;355.0117;355.0114;355.0123;355.012;355.0114;-0.002944533;-0.004985077;-0.004059277;0.002824877;0.004676477;0.001281877;0.0021602;0.0004580386;68;436;0.8;0.2;0.197;0;37.39702;0;0;0;0;0;0;0;0;24.0311;21.54;355.020971
8;2;2;2;2;2;2;2;2;2;5380;5380;3780;3800;3780;3800;4520;4500;4860;4860;3920;3920;3880;3880;5340;5320;3491;3401;5424;4969;5073;5111;4974;5051;4443;4454;5057;5054;5061;5323;3809;3803;355.0116;0.0004829927;21.40418;24.88855;0.07864717;9.999E+09;16;355.0111;355.0113;355.0117;355.0117;355.0114;355.0129;355.0112;355.0117;-0.00320627;-0.004272923;-0.006029569;0.004130492;0.005032554;0.0007121539;0.0009495384;-0.0001963022;68;437;0.8;0.2;0.197;0;38.16625;0;0;0;0;0;0;0;0;24.0311;21.54;355.020971
8;2;2;2;2;2;2;2;2;2;5380;5380;3780;3800;3780;3800;4520;4500;4860;4860;3920;3920;3880;3880;5340;5320;3575;3677;5178;5581;5211;5035;4967;5243;4559;4577;4992;5120;5412;5053;4072;3787;355.0116;0.0003864133;21.40418;24.88855;0.06292085;9.999E+09;16;355.0114;355.0117;355.0119;355.0117;355.0114;355.0122;355.0114;355.0113;-0.003566157;-0.0049376;-0.005080031;0.002753661;0.005293677;-0.0004035538;0.002991046;6.543408E-05;68;439;0.8;0.2;0.197;0;41.17074;0;0;0;0;0;0;0;0;24.0311;21.54;355.020971
8;2;2;2;2;2;2;2;2;2;5380;5380;3780;3800;3780;3800;4520;4500;4860;4860;3920;3920;3880;3880;5340;5320;3737;3412;5341;5383;5010;5120;5039;4938;4461;4532;4978;4829;5260;5534;3649;3659;355.0117;0.0006916311;21.40418;24.88855;0.1126204;9.999E+09;16;355.0112;355.012;355.0118;355.0118;355.012;355.012;355.0116;355.0112;-0.002846382;-0.005032554;-0.00415423;0.003988062;0.005103769;0.001305615;0.0007596308;0.0003598874;68;440;0.8;0.2;0.197;0;42.45181;0;0;0;0;0;0;0;0;24.0311;21.5402;355.021011
8;2;2;2;2;2;2;2;2;2;5380;5380;3780;3800;3780;3800;4520;4500;4860;4860;3920;3920;3880;3880;5340;5320;3487;3479;5360;5135;5098;5032;4907;5036;4378;4762;5034;4990;5521;5273;3749;4022;355.0119;0.0009581486;21.40418;24.88855;0.1560182;9.999E+09;16;355.0112;355.0128;355.0122;355.0114;355.0114;355.0124;355.0125;355.0114;-0.002584646;-0.003252169;-0.004344138;0.003679461;0.006195738;0.0009257999;0.002041508;-0.0006870578;68;441;0.8;0.2;0.197;0;40.41679;0;0;0;0;0;0;0;0;24.0311;21.54;355.020971
8;2;2;2;2;2;2;2;2;2;5380;5380;3780;3800;3780;3800;4520;4500;4860;4860;3920;3920;3880;3880;5340;5320;3437;3498;5356;5138;4966;5009;5348;4735;4167;4503;5056;4923;5199;5112;3722;3862;355.0117;0.0005042079;21.398;24.88588;0.0821017;9.999E+09;16;355.0114;355.0123;355.012;355.0117;355.0122;355.0112;355.0116;355.0114;-0.003042685;-0.004177969;-0.005602277;0.004272923;0.004177969;0.0002373846;0.002729923;-0.0004907556;68;442;0.8;0.2;0.197;0;39.90359;0;0;0;0;0;0;0;0;24.0311;21.5402;355.021011
8;2;2;2;2;2;2;2;2;2;5380;5380;3780;3800;3780;3800;4520;4500;4860;4860;3920;3920;3880;3880;5340;5320;3480;3386;5313;5422;5177;5019;5149;5003;4551;4721;4963;4910;5389;5005;3857;3763;355.012;0.0003570124;21.398;24.88588;0.05813342;9.999E+09;16;355.0112;355.0121;355.0125;355.0115;355.0122;355.0131;355.0112;355.0117;-0.003173553;-0.004629;-0.005649754;0.003964323;0.005103769;-0.001732908;0.001424308;0.0003271704;68;443;0.8;0.2;0.197;0;43.81292;0;0;0;0;0;0;0;0;24.0311;21.5399;355.020952
8;2;2;2;2;2;2;2;2;2;5380;5380;3780;3800;3780;3800;4520;4500;4860;4860;3920;3920;3880;3880;5340;5320;3610;3621;5523;5375;5161;4983;5194;5062;4663;4359;5012;4725;5139;5357;3919;3851;355.0118;0.0003491004;21.398;24.88588;0.05684508;9.999E+09;16;355.0111;355.0123;355.0112;355.012;355.0121;355.0127;355.0115;355.0113;-0.00353344;-0.005910877;-0.0064806;0.004391615;0.004557785;-0.0002848615;0.001732908;0.001112379;68;444;0.8;0.2;0.197;0;45.38083;0;0;0;0;0;0;0;0;24.0131;21.5399;355.009816
8;2;2;2;2;2;2;2;2;2;5380;5380;3780;3800;3780;3800;4520;4500;4860;4860;3920;3920;3880;3880;5340;5320;3585;3466;5237;5312;5077;4993;4821;4925;4675;4445;4975;4985;5141;5204;3818;3789;355.0117;0.0001742297;21.398;24.88588;0.02837035;9.999E+09;16;355.0108;355.0118;355.0123;355.0112;355.0111;355.0126;355.013;355.0112;-0.004318649;-0.004866384;-0.005578538;0.002729923;0.005222461;-0.0002373846;0.001946554;-3.271704E-05;68;445;0.8;0.2;0.197;0;45.9798;0;0;0;0;0;0;0;0;24.0131;21.54;355.009836
8;2;2;2;2;2;2;2;2;2;5380;5380;3780;3800;3780;3800;4520;4500;4860;4860;3920;3920;3880;3880;5340;5320;3416;3618;5259;5416;4852;4928;5424;4942;4665;4868;4942;5081;5321;5269;3857;3780;355.0119;0.0004672259;21.398;24.88588;0.0760798;9.999E+09;16;355.0116;355.0113;355.013;355.0117;355.0118;355.0125;355.012;355.0112;-0.002421061;-0.004890123;-0.005507323;0.003133477;0.005459846;0;0.002017769;-0.0003926045;68;446;0.8;0.2;0.197;0;44.17628;0;0;0;0;0;0;0;0;24.0131;21.54;355.009836
8;2;2;2;2;2;2;2;2;2;5380;5380;3780;3800;3780;3800;4520;4500;4860;4860;3920;3920;3880;3880;5340;5320;3594;3562;5206;5327;5125;4975;4886;5053;4325;4384;5097;4876;5318;5251;3732;3791;355.0119;0.0008160261;21.398;24.88588;0.132876;9.999E+09;16;355.0115;355.0125;355.0123;355.0114;355.0115;355.0125;355.0126;355.0109;-0.002813665;-0.003489554;-0.005436108;0.003845631;0.005626015;0.001281877;0.001495523;9.815112E-05;68;447;0.8;0.2;0.197;0;44.72642;0;0;0;0;0;0;0;0;24.0131;21.5399;355.009816
8;2;2;2;2;2;2;2;2;2;5380;5380;3780;3800;3780;3800;4520;4500;4860;4860;3920;3920;3880;3880;5340;5320;3472;3703;5335;5150;5050;5066;5216;4992;4560;4575;4593;5044;5195;5306;3933;3806;355.0118;-7.872819E-06;21.398;24.88588;-0.001281955;9.999E+09;16;355.0109;355.0111;355.0122;355.0113;355.0117;355.0126;355.0126;355.0116;-0.003173553;-0.005602277;-0.005032554;0.002729923;0.004391615;-0.001068231;0.001139446;-3.271704E-05;68;448;0.8;0.2;0.197;0;46.38104;0;0;0;0;0;0;0;0;24.0131;21.5397;355.009777
8;2;2;2;2;2;2;2;2;2;5380;5380;3780;3800;3780;3800;4520;4500;4860;4860;3920;3920;3880;3880;5340;5320;3538;3545;5206;5313;4989;5224;5268;5054;4634;4515;4870;5072;5330;5274;3763;3902;355.0119;0.0005417684;21.398;24.88588;0.08821779;9.999E+09;16;355.011;355.0125;355.012;355.0115;355.0119;355.0135;355.012;355.0108;-0.001701286;-0.004225446;-0.005388631;0.0049376;0.004652738;-0.001139446;0.0006409385;-0.0005889067;68;449;0.8;0.2;0.197;0;44.33631;0;0;0;0;0;0;0;0;24.0131;21.54;355.009836
8;2;2;2;2;2;2;2;2;2;5380;5380;3780;3800;3780;3800;4520;4500;4860;4860;3920;3920;3880;3880;5340;5320;3588;3469;5288;5177;4989;5130;5029;5124;4508;4630;4915;5129;5412;5335;3644;3768;355.012;0.0006813962;21.398;24.88588;0.1109538;9.999E+09;16;355.011;355.0127;355.0128;355.0113;355.0125;355.0128;355.0118;355.0113;-0.003893328;-0.005080031;-0.004225446;0.003821892;0.004629;0.002017769;0.003252169;-0.0002290193;68;450;0.8;0.2;0.197;0;43.28423;0;0;0;0;0;0;0;0;24.0131;21.5399;355.009816
8;2;2;2;2;2;2;2;2;2;5380;5380;3780;3800;3780;3800;4520;4500;4860;4860;3920;3920;3880;3880;5340;5320;3510;3470;5341;5256;5111;5138;5047;4793;4343;4841;5068;5094;5505;5063;3774;3954;355.0119;0.0007651361;21.39616;24.88471;0.1245894;9.999E+09;16;355.0111;355.0116;355.0119;355.0118;355.0117;355.0132;355.0128;355.0112;-0.00121053;-0.005008815;-0.004913861;0.003655723;0.005815923;9.495384E-05;0.002041508;-0.0006216238;68;451;0.8;0.2;0.197;0;42.01159;0;0;0;0;0;0;0;0;24.0131;21.5399;355.009816
8;2;2;2;2;2;2;2;2;2;5380;5380;3780;3800;3780;3800;4520;4500;4860;4860;3920;3920;3880;3880;5340;5320;3449;3539;5070;5329;4966;5034;5044;5058;4683;4603;5170;4972;5241;5479;3807;3832;355.0117;0.0005028655;21.39616;24.88471;0.08188312;9.999E+09;16;355.011;355.0121;355.0123;355.011;355.012;355.0129;355.0115;355.011;-0.003598874;-0.004225446;-0.003299646;0.003465815;0.005388631;0.0002373846;0.001922815;-0.001864871;68;452;0.8;0.2;0.197;0;36.94991;0;0;0;0;0;0;0;0;24.0131;21.54;355.009836
8;2;2;2;2;2;2;2;2;2;5380;5380;3780;3800;3780;3800;4520;4500;4860;4860;3920;3920;3880;3880;5340;5320;3449;3539;5070;5329;4966;5034;5044;5058;4683;4603;5170;4972;5241;5479;3807;3832;355.0117;0.0005028655;21.39616;24.88471;0.08188312;9.999E+09;16;355.011;355.0121;355.0123;355.011;355.012;355.0129;355.0115;355.011;-0.003598874;-0.004225446;-0.003299646;0.003465815;0.005388631;0.0002373846;0.001922815;-0.001864871;68;452;0.8;0.2;0.197;0;36.94991;0;0;0;0;0;0;0;0;24.0131;21.5401;355.009856
8;2;2;2;2;2;2;2;2;2;5380;5380;3780;3800;3780;3800;4520;4500;4860;4860;3920;3920;3880;3880;5340;5320;3473;3349;5333;5205;5085;5250;5237;5051;4489;4450;4916;5020;5240;5214;3821;3821;355.0119;0.0003685273;21.39616;24.88471;0.06000841;9.999E+09;16;355.0111;355.0124;355.0122;355.0119;355.0132;355.0118;355.0114;355.011;-0.002682797;-0.005293677;-0.004605262;0.003133477;0.005578538;-7.121539E-05;0.001115708;-0.0009160771;68;453;0.8;0.2;0.197;0;33.31663;0;0;0;0;0;0;0;0;23.9964;21.5399;354.999485
8;2;2;2;2;2;2;2;2;2;5380;5380;3780;3800;3780;3800;4520;4500;4860;4860;3920;3920;3880;3880;5340;5320;3490;3581;5225;5331;5240;5263;5210;4674;4607;4441;4813;5095;5309;5196;3885;4063;355.0118;0.0003743069;21.39616;24.88471;0.06094952;9.999E+09;16;355.0111;355.0119;355.0129;355.0114;355.0118;355.0123;355.0121;355.0111;-0.003304421;-0.004842646;-0.0058634;0.003228431;0.005317415;0.001543;0.0005934615;-0.0001963022;68;454;0.8;0.2;0.197;0;33.01942;0;0;0;0;0;0;0;0;23.9964;21.5399;354.999485
8;2;2;2;2;2;2;2;2;2;5380;5380;3780;3800;3780;3800;4520;4500;4860;4860;3920;3920;3880;3880;5340;5320;3429;3611;5164;5363;5286;4878;5111;4916;4593;4682;5055;4852;5212;5300;3757;3822;355.0117;0.0002737495;21.39616;24.88471;0.04457546;9.999E+09;16;355.011;355.0119;355.0121;355.0115;355.0121;355.0116;355.0116;355.0116;-0.003173553;-0.003798154;-0.004225446;0.003489554;0.003180954;-0.0001661692;0.002611231;-0.0006870578;68;455;0.8;0.2;0.197;0;32.71346;0;0;0;0;0;0;0;0;23.9964;21.5399;354.999485
8;2;2;2;2;2;2;2;2;2;5380;5380;3780;3800;3780;3800;4520;4500;4860;4860;3920;3920;3880;3880;5340;5320;3521;3510;4942;5190;5104;4994;4891;4829;4434;4503;4840;4843;5387;5182;3804;3822;355.0119;0.000468162;21.39616;24.88471;0.07623223;9.999E+09;16;355.0109;355.0118;355.0129;355.0115;355.0121;355.0119;355.0124;355.0116;-0.002421061;-0.004723954;-0.005151246;0.003109738;0.006100785;2.373846E-05;0.001210661;-0.00121053;68;456;0.8;0.2;0.197;0;29.79904;0;0;0;0;0;0;0;0;23.9964;21.5399;354.999485
8;2;2;2;2;2;2;2;2;2;5380;5380;3780;3800;3780;3800;4520;4500;4860;4860;3920;3920;3880;3880;5340;5320;3475;3506;5614;5206;4709;4999;5166;5247;4614;4572;4802;5082;5129;4960;3883;3801;355.0117;0.0005043801;21.39616;24.88471;0.08212973;9.999E+09;16;355.0112;355.0122;355.0126;355.0116;355.0119;355.0114;355.012;355.011;-0.003762459;-0.003631985;-0.006172;0.003988062;0.0049376;-4.747692E-05;0.003014785;-0.0005561897;68;457;0.8;0.2;0.197;0;29.01179;0;0;0;0;0;0;0;0;23.9964;21.5399;354.999485
8;2;2;2;2;2;2;2;2;2;5380;5380;3780;3800;3780;3800;4520;4500;4860;4860;3920;3920;3880;3880;5340;5320;3511;3530;5239;5199;4948;5157;4923;5068;4572;4409;4868;4822;5490;5088;3801;3845;355.0118;-0.0001702745;21.39616;24.88471;-0.02772631;9.999E+09;16;355.0114;355.0128;355.0117;355.0115;355.0117;355.012;355.0122;355.0112;-0.002551929;-0.005198723;-0.006385646;0.002112723;0.003869369;-0.0005222461;0.002065246;-0.0007852089;68;458;0.8;0.2;0.197;0;29.21701;0;0;0;0;0;0;0;0;23.9964;21.5402;354.999544
8;2;2;2;2;2;2;2;2;2;5380;5380;3780;3800;3780;3800;4520;4500;4860;4860;3920;3920;3880;3880;5340;5320;3680;3492;5071;5206;4975;5144;4973;5006;4499;4548;5047;4959;5320;5078;3982;3933;355.0119;0.000481624;21.39616;24.88471;0.07842429;9.999E+09;16;355.0114;355.0121;355.0121;355.0112;355.0115;355.0129;355.0122;355.0115;-0.002748231;-0.005436108;-0.005151246;0.003180954;0.005483584;0.001068231;0.001281877;-0.0001635852;68;459;0.8;0.2;0.197;0;29.21299;0;0;0;0;0;0;0;0;23.9964;21.5401;354.999524
8;2;2;2;2;2;2;2;2;2;5380;5380;3780;3800;3780;3800;4520;4500;4860;4860;3920;3920;3880;3880;5340;5320;3497;3365;5150;5492;5049;4875;4769;5124;4325;4806;5058;5095;5195;5254;4123;3834;355.0117;0.0005826713;21.39616;24.88471;0.09487813;9.999E+09;16;355.011;355.0121;355.0122;355.012;355.0118;355.0118;355.0113;355.0116;-0.002192042;-0.004723954;-0.005341154;0.003726938;0.004296661;0.000878323;0.002919831;-0.0002944533;68;460;0.8;0.2;0.197;0;31.22312;0;0;0;0;0;0;0;0;23.9964;21.5402;354.999544
8;2;2;2;2;2;2;2;2;2;5380;5380;3780;3800;3780;3800;4520;4500;4860;4860;3920;3920;3880;3880;5340;5320;3597;3641;5442;5586;5196;5199;4907;5026;4446;4482;4993;5072;5315;5200;3890;3848;355.0119;0.0006155032;21.40371;24.88358;0.1002242;9.999E+09;16;355.0115;355.0125;355.0126;355.0116;355.0114;355.0128;355.0114;355.0115;-0.002224759;-0.004771431;-0.004557785;0.004201707;0.003916846;0.0012344;0.002255154;-0.0004580386;68;461;0.8;0.2;0.197;0;32.6471;0;0;0;0;0;0;0;0;23.9964;21.54;354.999504
8;2;2;2;2;2;2;2;2;2;5380;5380;3780;3800;3780;3800;4520;4500;4860;4860;3920;3920;3880;3880;5340;5320;3635;3560;5194;5281;5025;4995;5019;5004;4309;4580;5046;4926;5213;5167;3960;3779;355.0119;0.0007707123;21.40371;24.88358;0.1254974;9.999E+09;16;355.0118;355.0116;355.0129;355.0117;355.0112;355.0123;355.0117;355.0116;-0.003369855;-0.003608246;-0.006599292;0.003726938;0.006717985;0.0009732769;0.001068231;0.0002617363;68;462;0.8;0.2;0.197;0;35.89038;0;0;0;0;0;0;0;0;23.9964;21.54;354.999504
8;2;2;2;2;2;2;2;2;2;5380;5380;3780;3800;3780;3800;4520;4500;4860;4860;3920;3920;3880;3880;5340;5320;3574;3503;5261;5439;4876;4992;4847;4782;4202;4640;5165;4704;5136;5225;3808;3717;355.0119;0.000655483;21.40371;24.88358;0.1067343;9.999E+09;16;355.0108;355.0128;355.0126;355.0113;355.0119;355.0121;355.0117;355.0116;-0.003926045;-0.005080031;-0.005388631;0.004130492;0.005388631;0.0003560769;0.002634969;0.0006543408;68;463;0.8;0.2;0.197;0;38.74223;0;0;0;0;0;0;0;0;24.0131;21.5399;355.009816
8;2;2;2;2;2;2;2;2;2;5380;5380;3780;3800;3780;3800;4520;4500;4860;4860;3920;3920;3880;3880;5340;5320;3371;3564;5511;5224;5060;5090;4940;5365;4226;4327;4848;4986;5392;5087;3744;3842;355.0117;0.0003714679;21.40371;24.88358;0.06048725;9.999E+09;16;355.0116;355.0118;355.0127;355.0114;355.0107;355.0118;355.0121;355.0112;-0.002715514;-0.002753661;-0.004462831;0.0033946;0.0033946;-9.495384E-05;0.001875338;-0.0004907556;68;464;0.8;0.2;0.197;0;38.05011;0;0;0;0;0;0;0;0;24.0311;21.54;355.020971
8;2;2;2;2;2;2;2;2;2;5380;5380;3780;3800;3780;3800;4520;4500;4860;4860;3920;3920;3880;3880;5340;5320;3574;3574;5206;5382;5038;5173;4941;5063;4323;4707;4998;4985;5210;5062;3908;3786;355.0117;0.000217583;21.40371;24.88358;0.0354297;9.999E+09;16;355.0112;355.0119;355.0117;355.0115;355.0112;355.0119;355.0123;355.0111;-0.003173553;-0.004913861;-0.006077046;0.003442077;0.004842646;-0.0004747692;0.002421323;-0.001046945;68;465;0.8;0.2;0.197;0;37.43014;0;0;0;0;0;0;0;0;24.0311;21.5402;355.021011
8;2;2;2;2;2;2;2;2;2;5380;5380;3780;3800;3780;3800;4520;4500;4860;4860;3920;3920;3880;3880;5340;5320;3612;3599;5180;5121;5194;5159;5008;5231;4495;4274;5070;5033;5339;5151;3811;3913;355.0118;0.000634122;21.40371;24.88358;0.103256;9.999E+09;16;355.0114;355.012;355.0118;355.0123;355.0114;355.0129;355.0114;355.0115;-0.004155064;-0.003940585;-0.004866384;0.003869369;0.005626015;-0.0001424308;0.003038523;-0.0006216238;68;466;0.8;0.2;0.197;0;39.28903;0;0;0;0;0;0;0;0;24.0311;21.5402;355.021011
8;2;2;2;2;2;2;2;2;2;5380;5380;3780;3800;3780;3800;4520;4500;4860;4860;3920;3920;3880;3880;5340;5320;3558;3504;5351;5385;5075;5245;4942;4909;4453;4552;4981;5044;5423;5481;3747;3848;355.0121;0.0004495116;21.40371;24.88358;0.07319533;9.999E+09;16;355.0118;355.0129;355.0117;355.0107;355.0128;355.0125;355.0129;355.0112;-0.003271704;-0.0049376;-0.004391615;0.003347123;0.004818907;-0.0003798154;0.003014785;-0.0004253215;68;467;0.8;0.2;0.197;0;39.39056;0;0;0;0;0;0;0;0;24.0311;21.5403;355.021031
8;2;2;2;2;2;2;2;2;2;5380;5380;3780;3800;3780;3800;4520;4500;4860;4860;3920;3920;3880;3880;5340;5320;3450;3464;5266;5177;5111;5094;5366;5146;4368;4662;5034;4909;5255;5181;3916;3936;355.0121;0.0003799274;21.40371;24.88358;0.06186473;9.999E+09;16;355.0118;355.0125;355.0119;355.0115;355.0131;355.0124;355.0114;355.0119;-0.003762459;-0.0049376;-0.004795169;0.003584508;0.004391615;0.0005222461;0.002231415;-6.543408E-05;68;468;0.8;0.2;0.197;0;41.02561;0;0;0;0;0;0;0;0;24.0311;21.5399;355.020952
8;2;2;2;2;2;2;2;2;2;5380;5380;3780;3800;3780;3800;4520;4500;4860;4860;3920;3920;3880;3880;5340;5320;3598;3550;5112;5362;5199;5198;4749;5090;4603;4500;4921;5107;5099;5190;3892;3865;355.0119;7.333409E-06;21.40371;24.88358;0.001194121;9.999E+09;16;355.011;355.0125;355.0118;355.0113;355.012;355.0134;355.0116;355.0117;-0.002944533;-0.005032554;-0.006243215;0.002136461;0.004296661;-0.0006884154;0.001994031;0.0005561897;68;469;0.8;0.2;0.197;0;42.42469;0;0;0;0;0;0;0;0;24.0311;21.5398;355.020932
8;2;2;2;2;2;2;2;2;2;5380;5380;3780;3800;3780;3800;4520;4500;4860;4860;3920;3920;3880;3880;5340;5320;3534;3467;5547;5260;5201;4865;4623;5111;4632;4377;4985;4871;5373;5238;3875;3887;355.012;0.0001411684;21.40371;24.88358;0.02298688;9.999E+09;16;355.0112;355.0127;355.0123;355.0117;355.0119;355.012;355.0122;355.0116;-0.002780948;-0.004795169;-0.004866384;0.003062262;0.003940585;-0.0009495384;0.001922815;-0.0003271704;68;470;0.8;0.2;0.197;0;42.51989;0;0;0;0;0;0;0;0;24.0311;21.54;355.020971
8;2;2;2;2;2;2;2;2;2;5380;5380;3780;3800;3780;3800;4520;4500;4860;4860;3920;3920;3880;3880;5340;5320;3661;3456;5164;5150;5003;5159;4888;4854;4604;4400;4818;5096;5478;5140;3863;3859;355.012;0.0005256839;21.37881;24.88625;0.0855987;9.999E+09;16;355.0117;355.0113;355.0132;355.0115;355.0119;355.0131;355.0117;355.0109;-0.002977251;-0.004866384;-0.0058634;0.003180954;0.005103769;0.001163185;0.002183938;0.0004253215;68;471;0.8;0.2;0.197;0;44.49998;0;0;0;0;0;0;0;0;24.0311;21.5401;355.020991
8;2;2;2;2;2;2;2;2;2;5380;5380;3780;3800;3780;3800;4520;4500;4860;4860;3920;3920;3880;3880;5340;5320;3712;3602;5572;5220;5019;4983;5367;5087;4479;4674;4833;5049;5336;5162;3713;3709;355.0119;0.0006009458;21.37881;24.88625;0.09785383;9.999E+09;16;355.0119;355.0126;355.0123;355.011;355.0117;355.012;355.0121;355.0115;-0.003238987;-0.004035539;-0.005293677;0.003964323;0.005269938;-0.0004035538;0.001875338;0.0002290193;68;472;0.8;0.2;0.197;0;44.46067;0;0;0;0;0;0;0;0;24.0311;21.54;355.020971
8;2;2;2;2;2;2;2;2;2;5380;5380;3780;3800;3780;3800;4520;4500;4860;4860;3920;3920;3880;3880;5340;5320;3712;3602;5572;5220;5019;4983;5367;5087;4479;4674;4833;5049;5336;5162;3713;3709;355.0119;0.0006009458;21.37881;24.88625;0.09785383;9.999E+09;16;355.0119;355.0126;355.0123;355.011;355.0117;355.012;355.0121;355.0115;-0.003238987;-0.004035539;-0.005293677;0.003964323;0.005269938;-0.0004035538;0.001875338;0.0002290193;68;472;0.8;0.2;0.197;0;44.46067;0;0;0;0;0;0;0;0;24.0311;21.5401;355.020991
